{
    "description": "",
    "parentClass": "CustomerManagementFrameworkBundle\\Model\\AbstractTermSegmentBuilderDefinition",
    "useTraits": "",
    "allowInherit": false,
    "allowVariants": false,
    "showVariants": false,
    "layoutDefinitions": {
        "fieldtype": "panel",
        "labelWidth": 100,
        "layout": null,
        "name": "pimcore_root",
        "type": null,
        "region": null,
        "title": null,
        "width": null,
        "height": null,
        "collapsible": false,
        "collapsed": null,
        "bodyStyle": null,
        "datatype": "layout",
        "permissions": null,
        "children": [
            {
                "fieldtype": "panel",
                "labelWidth": 200,
                "layout": null,
                "name": "Layout",
                "type": null,
                "region": null,
                "title": "",
                "width": null,
                "height": null,
                "collapsible": false,
                "collapsed": false,
                "bodyStyle": "",
                "datatype": "layout",
                "permissions": null,
                "children": [
                    {
                        "fieldtype": "input",
                        "width": null,
                        "queryColumnType": "varchar",
                        "columnType": "varchar",
                        "columnLength": 190,
                        "phpdocType": "string",
                        "regex": "",
                        "name": "name",
                        "title": "Name",
                        "tooltip": "",
                        "mandatory": true,
                        "noteditable": false,
                        "index": false,
                        "locked": false,
                        "style": "",
                        "permissions": null,
                        "datatype": "data",
                        "relationType": false,
                        "invisible": false,
                        "visibleGridView": false,
                        "visibleSearch": false
                    },
                    {
                        "fieldtype": "block",
                        "disallowAddRemove": null,
                        "disallowReorder": null,
                        "collapsible": false,
                        "collapsed": false,
                        "queryColumnType": "longtext",
                        "columnType": "longtext",
                        "phpdocType": "\\Pimcore\\Model\\DataObject\\Data\\Block",
                        "children": [
                            {
                                "fieldtype": "input",
                                "width": null,
                                "queryColumnType": "varchar",
                                "columnType": "varchar",
                                "columnLength": 190,
                                "phpdocType": "string",
                                "regex": "",
                                "name": "term",
                                "title": "Term",
                                "tooltip": "",
                                "mandatory": false,
                                "noteditable": false,
                                "index": false,
                                "locked": false,
                                "style": "",
                                "permissions": null,
                                "datatype": "data",
                                "relationType": false,
                                "invisible": false,
                                "visibleGridView": false,
                                "visibleSearch": false
                            },
                            {
                                "fieldtype": "table",
                                "width": "",
                                "height": "",
                                "cols": 1,
                                "colsFixed": true,
                                "rows": null,
                                "rowsFixed": false,
                                "data": "",
                                "queryColumnType": "longtext",
                                "columnType": "longtext",
                                "phpdocType": "array",
                                "name": "phrases",
                                "title": "phrases",
                                "tooltip": "",
                                "mandatory": false,
                                "noteditable": false,
                                "index": false,
                                "locked": false,
                                "style": "",
                                "permissions": null,
                                "datatype": "data",
                                "relationType": false,
                                "invisible": false,
                                "visibleGridView": false,
                                "visibleSearch": false
                            }
                        ],
                        "layout": null,
                        "fieldDefinitionsCache": null,
                        "name": "terms",
                        "title": "Terms",
                        "tooltip": "",
                        "mandatory": false,
                        "noteditable": false,
                        "index": false,
                        "locked": false,
                        "style": "",
                        "permissions": null,
                        "datatype": "data",
                        "relationType": false,
                        "invisible": false,
                        "visibleGridView": false,
                        "visibleSearch": false
                    }
                ],
                "locked": false
            }
        ],
        "locked": false
    },
    "icon": "\/bundles\/pimcoreadmin\/img\/flat-color-icons\/data_configuration.svg",
    "group": "CustomerManagement",
    "propertyVisibility": {
        "grid": {
            "id": true,
            "path": true,
            "published": true,
            "modificationDate": true,
            "creationDate": true
        },
        "search": {
            "id": true,
            "path": true,
            "published": true,
            "modificationDate": true,
            "creationDate": true
        }
    }
}
