{
    "description": "",
    "parentClass": "\\CustomerManagementFrameworkBundle\\Model\\AbstractCustomerSegment",
    "implementsInterfaces": null,
    "listingParentClass": "",
    "useTraits": "",
    "listingUseTraits": "",
    "allowInherit": false,
    "allowVariants": false,
    "showVariants": false,
    "layoutDefinitions": {
        "fieldtype": "panel",
        "layout": null,
        "border": false,
        "name": "pimcore_root",
        "type": null,
        "region": null,
        "title": null,
        "width": null,
        "height": null,
        "collapsible": false,
        "collapsed": false,
        "bodyStyle": null,
        "datatype": "layout",
        "permissions": null,
        "children": [
            {
                "fieldtype": "panel",
                "layout": null,
                "border": false,
                "name": "Layout",
                "type": null,
                "region": null,
                "title": "",
                "width": null,
                "height": null,
                "collapsible": false,
                "collapsed": false,
                "bodyStyle": "",
                "datatype": "layout",
                "permissions": null,
                "children": [
                    {
                        "fieldtype": "fieldset",
                        "name": "Layout",
                        "type": null,
                        "region": null,
                        "title": "Settings",
                        "width": null,
                        "height": null,
                        "collapsible": false,
                        "collapsed": false,
                        "bodyStyle": "",
                        "datatype": "layout",
                        "permissions": null,
                        "children": [
                            {
                                "fieldtype": "input",
                                "width": 400,
                                "defaultValue": null,
                                "columnLength": 255,
                                "regex": "",
                                "unique": false,
                                "showCharCount": false,
                                "name": "name",
                                "title": "Segment name",
                                "tooltip": "",
                                "mandatory": false,
                                "noteditable": false,
                                "index": false,
                                "locked": false,
                                "style": "",
                                "permissions": null,
                                "datatype": "data",
                                "relationType": false,
                                "invisible": false,
                                "visibleGridView": true,
                                "visibleSearch": true
                            }
                        ],
                        "locked": false
                    },
                    {
                        "fieldtype": "fieldset",
                        "name": "Layout",
                        "type": null,
                        "region": null,
                        "title": "System information",
                        "width": null,
                        "height": null,
                        "collapsible": false,
                        "collapsed": false,
                        "bodyStyle": "",
                        "datatype": "layout",
                        "permissions": null,
                        "children": [
                            {
                                "fieldtype": "manyToOneRelation",
                                "width": 700,
                                "assetUploadPath": "",
                                "relationType": true,
                                "objectsAllowed": true,
                                "assetsAllowed": false,
                                "assetTypes": [],
                                "documentsAllowed": false,
                                "documentTypes": [],
                                "classes": [],
                                "pathFormatterClass": "",
                                "name": "group",
                                "title": "Group",
                                "tooltip": "Drag and drop segment into groups in the tree",
                                "mandatory": false,
                                "noteditable": true,
                                "index": false,
                                "locked": false,
                                "style": "",
                                "permissions": null,
                                "datatype": "data",
                                "invisible": false,
                                "visibleGridView": false,
                                "visibleSearch": false
                            },
                            {
                                "fieldtype": "input",
                                "width": 400,
                                "defaultValue": null,
                                "columnLength": 255,
                                "regex": "",
                                "unique": null,
                                "showCharCount": null,
                                "name": "reference",
                                "title": "Reference",
                                "tooltip": "needs to be unique within the group",
                                "mandatory": false,
                                "noteditable": true,
                                "index": true,
                                "locked": false,
                                "style": "",
                                "permissions": null,
                                "datatype": "data",
                                "relationType": false,
                                "invisible": false,
                                "visibleGridView": true,
                                "visibleSearch": true
                            },
                            {
                                "fieldtype": "checkbox",
                                "defaultValue": 0,
                                "name": "calculated",
                                "title": "calculated",
                                "tooltip": "",
                                "mandatory": false,
                                "noteditable": true,
                                "index": false,
                                "locked": false,
                                "style": "",
                                "permissions": null,
                                "datatype": "data",
                                "relationType": false,
                                "invisible": false,
                                "visibleGridView": false,
                                "visibleSearch": false
                            },
                            {
                                "fieldtype": "checkbox",
                                "defaultValue": 0,
                                "name": "useAsTargetGroup",
                                "title": "Use As Target Group",
                                "tooltip": "",
                                "mandatory": false,
                                "noteditable": false,
                                "index": false,
                                "locked": false,
                                "style": "",
                                "permissions": null,
                                "datatype": "data",
                                "relationType": false,
                                "invisible": false,
                                "visibleGridView": false,
                                "visibleSearch": false
                            },
                            {
                                "fieldtype": "targetGroup",
                                "options": null,
                                "width": "",
                                "defaultValue": null,
                                "optionsProviderClass": null,
                                "optionsProviderData": null,
                                "columnLength": 190,
                                "dynamicOptions": false,
                                "name": "targetGroup",
                                "title": "Linked TargetGroup",
                                "tooltip": "",
                                "mandatory": false,
                                "noteditable": false,
                                "index": false,
                                "locked": false,
                                "style": "",
                                "permissions": null,
                                "datatype": "data",
                                "relationType": false,
                                "invisible": false,
                                "visibleGridView": false,
                                "visibleSearch": false
                            }
                        ],
                        "locked": false
                    }
                ],
                "locked": false
            }
        ],
        "locked": false
    },
    "icon": "\/bundles\/pimcorecustomermanagementframework\/icons\/segment.svg",
    "group": "CustomerManagement",
    "showAppLoggerTab": false,
    "linkGeneratorReference": "",
    "compositeIndices": [],
    "showFieldLookup": false,
    "propertyVisibility": {
        "grid": {
            "id": true,
            "key": false,
            "path": false,
            "published": true,
            "modificationDate": false,
            "creationDate": false
        },
        "search": {
            "id": true,
            "key": false,
            "path": false,
            "published": true,
            "modificationDate": false,
            "creationDate": false
        }
    },
    "enableGridLocking": false
}
