{
    "key": null,
    "parentClass": "\\Pimcore\\Bundle\\EcommerceFrameworkBundle\\Model\\CategoryFilterDefinitionType",
    "implementsInterfaces": "",
    "title": "",
    "group": "FilterTypes",
    "layoutDefinitions": {
        "fieldtype": "panel",
        "layout": null,
        "border": false,
        "name": null,
        "type": null,
        "region": null,
        "title": null,
        "width": 0,
        "height": 0,
        "collapsible": false,
        "collapsed": false,
        "bodyStyle": null,
        "datatype": "layout",
        "permissions": null,
        "children": [
            {
                "fieldtype": "panel",
                "layout": "",
                "border": false,
                "name": "Layout",
                "type": "",
                "region": "",
                "title": "Filter Category",
                "width": null,
                "height": null,
                "collapsible": true,
                "collapsed": false,
                "bodyStyle": "",
                "datatype": "layout",
                "permissions": null,
                "children": [
                    {
                        "fieldtype": "text",
                        "html": "<div style=\"color: rgb(0, 0, 0); font-family: 'Open Sans', 'Helvetica Neue', helvetica, arial, verdana, sans-serif; font-size: 13px;\"><b>Filter Category<\/b><\/div><div><font face=\"Open Sans, Helvetica Neue, helvetica, arial, verdana, sans-serif\"><span style=\"font-size: 13px;\">- RootCategory: can be used as root category when building up category tree.&nbsp;<\/span><\/font><\/div><div><font face=\"Open Sans, Helvetica Neue, helvetica, arial, verdana, sans-serif\"><span style=\"font-size: 13px;\">- Include SubCategories: when active, filter returns product with subcategories assigned too.<\/span><\/font><\/div>",
                        "renderingClass": null,
                        "renderingData": null,
                        "border": false,
                        "name": "Layout",
                        "type": null,
                        "region": null,
                        "title": "",
                        "width": null,
                        "height": null,
                        "collapsible": false,
                        "collapsed": false,
                        "bodyStyle": "padding: 10px; background-color: #d9edf7; border-color: #bce8f1 !important; color: #31708f;",
                        "datatype": "layout",
                        "permissions": null,
                        "children": [],
                        "locked": false
                    },
                    {
                        "fieldtype": "input",
                        "width": 400,
                        "defaultValue": null,
                        "queryColumnType": "varchar",
                        "columnType": "varchar",
                        "columnLength": 255,
                        "regex": "",
                        "unique": false,
                        "showCharCount": false,
                        "name": "label",
                        "title": "Label",
                        "tooltip": "",
                        "mandatory": false,
                        "noteditable": false,
                        "index": false,
                        "locked": false,
                        "style": "",
                        "permissions": null,
                        "datatype": "data",
                        "relationType": false,
                        "invisible": false,
                        "visibleGridView": false,
                        "visibleSearch": false,
                        "defaultValueGenerator": ""
                    },
                    {
                        "fieldtype": "manyToOneRelation",
                        "width": 400,
                        "assetUploadPath": "",
                        "relationType": true,
                        "queryColumnType": {
                            "id": "int(11)",
                            "type": "enum('document','asset','object')"
                        },
                        "objectsAllowed": true,
                        "assetsAllowed": false,
                        "assetTypes": [],
                        "documentsAllowed": false,
                        "documentTypes": [],
                        "classes": [
                            {
                                "classes": "Category"
                            }
                        ],
                        "pathFormatterClass": "",
                        "name": "preSelect",
                        "title": "Pre Select",
                        "tooltip": "",
                        "mandatory": false,
                        "noteditable": false,
                        "index": false,
                        "locked": false,
                        "style": "",
                        "permissions": null,
                        "datatype": "data",
                        "invisible": false,
                        "visibleGridView": false,
                        "visibleSearch": false
                    },
                    {
                        "fieldtype": "manyToOneRelation",
                        "width": 400,
                        "assetUploadPath": "",
                        "relationType": true,
                        "queryColumnType": {
                            "id": "int(11)",
                            "type": "enum('document','asset','object')"
                        },
                        "objectsAllowed": true,
                        "assetsAllowed": false,
                        "assetTypes": [],
                        "documentsAllowed": false,
                        "documentTypes": [],
                        "classes": [
                            {
                                "classes": "Category"
                            }
                        ],
                        "pathFormatterClass": "",
                        "name": "rootCategory",
                        "title": "Root Category",
                        "tooltip": "",
                        "mandatory": false,
                        "noteditable": false,
                        "index": false,
                        "locked": false,
                        "style": "",
                        "permissions": null,
                        "datatype": "data",
                        "invisible": false,
                        "visibleGridView": false,
                        "visibleSearch": false
                    },
                    {
                        "fieldtype": "checkbox",
                        "defaultValue": 0,
                        "queryColumnType": "tinyint(1)",
                        "columnType": "tinyint(1)",
                        "name": "includeParentCategories",
                        "title": "Include SubCategories",
                        "tooltip": "",
                        "mandatory": false,
                        "noteditable": false,
                        "index": false,
                        "locked": false,
                        "style": "",
                        "permissions": null,
                        "datatype": "data",
                        "relationType": false,
                        "invisible": false,
                        "visibleGridView": false,
                        "visibleSearch": false,
                        "defaultValueGenerator": ""
                    },
                    {
                        "fieldtype": "input",
                        "width": 400,
                        "defaultValue": null,
                        "queryColumnType": "varchar",
                        "columnType": "varchar",
                        "columnLength": 255,
                        "regex": "",
                        "unique": false,
                        "showCharCount": false,
                        "name": "scriptPath",
                        "title": "Script Path",
                        "tooltip": "",
                        "mandatory": false,
                        "noteditable": false,
                        "index": false,
                        "locked": false,
                        "style": "",
                        "permissions": null,
                        "datatype": "data",
                        "relationType": false,
                        "invisible": false,
                        "visibleGridView": false,
                        "visibleSearch": false,
                        "defaultValueGenerator": ""
                    },
                    {
                        "fieldtype": "manyToManyObjectRelation",
                        "width": "",
                        "height": "",
                        "maxItems": null,
                        "queryColumnType": "text",
                        "relationType": true,
                        "visibleFields": null,
                        "allowToCreateNewObject": true,
                        "optimizedAdminLoading": false,
                        "visibleFieldDefinitions": [],
                        "classes": [
                            {
                                "classes": "ProductCategory"
                            }
                        ],
                        "pathFormatterClass": null,
                        "name": "availableCategories",
                        "title": "Available Categories",
                        "tooltip": "",
                        "mandatory": false,
                        "noteditable": false,
                        "index": false,
                        "locked": false,
                        "style": "",
                        "permissions": null,
                        "datatype": "data",
                        "invisible": false,
                        "visibleGridView": false,
                        "visibleSearch": false
                    }
                ],
                "locked": false,
                "icon": "",
                "labelWidth": 100,
                "labelAlign": "left"
            }
        ],
        "locked": false,
        "icon": null,
        "labelWidth": 100,
        "labelAlign": "left"
    }
}
