{
    "key": null,
    "parentClass": "\\Pimcore\\Bundle\\EcommerceFrameworkBundle\\Model\\CategoryFilterDefinitionType",
    "title": "",
    "group": "FilterTypes",
    "layoutDefinitions": {
        "fieldtype": "panel",
        "labelWidth": 100,
        "layout": null,
        "border": false,
        "icon": null,
        "name": null,
        "type": null,
        "region": null,
        "title": null,
        "width": null,
        "height": null,
        "collapsible": false,
        "collapsed": false,
        "bodyStyle": null,
        "datatype": "layout",
        "permissions": null,
        "children": [
            {
                "fieldtype": "panel",
                "labelWidth": 100,
                "layout": null,
                "border": false,
                "icon": "",
                "name": "Layout",
                "type": null,
                "region": null,
                "title": "",
                "width": null,
                "height": null,
                "collapsible": false,
                "collapsed": false,
                "bodyStyle": "",
                "datatype": "layout",
                "permissions": null,
                "children": [
                    {
                        "fieldtype": "text",
                        "html": "<b style=\"color: rgb(0, 0, 0); font-family: &quot;Open Sans&quot;, &quot;Helvetica Neue&quot;, helvetica, arial, verdana, sans-serif; font-size: 13px;\">Filter Classification Store Attributes<\/b><div style=\"color: rgb(0, 0, 0); font-family: &quot;Open Sans&quot;, &quot;Helvetica Neue&quot;, helvetica, arial, verdana, sans-serif; font-size: 13px;\"><font face=\"Open Sans, Helvetica Neue, helvetica, arial, verdana, sans-serif\">- Elastic Search Only !<\/font><\/div><div style=\"color: rgb(0, 0, 0); font-family: &quot;Open Sans&quot;, &quot;Helvetica Neue&quot;, helvetica, arial, verdana, sans-serif; font-size: 13px;\"><font face=\"Open Sans, Helvetica Neue, helvetica, arial, verdana, sans-serif\">- Creates filters for all indexed Classification Store Attributes&nbsp;<\/font><\/div><div style=\"color: rgb(0, 0, 0); font-family: &quot;Open Sans&quot;, &quot;Helvetica Neue&quot;, helvetica, arial, verdana, sans-serif; font-size: 13px;\"><font face=\"Open Sans, Helvetica Neue, helvetica, arial, verdana, sans-serif\" style=\"\"><span style=\"font-size: 13px;\">- Excluded KeyIDs (CSV): CSV list of KeyIDs that should be excluded<\/span><\/font><\/div><div style=\"\"><font face=\"Open Sans, Helvetica Neue, helvetica, arial, verdana, sans-serif\" style=\"color: rgb(0, 0, 0); font-family: &quot;Open Sans&quot;, &quot;Helvetica Neue&quot;, helvetica, arial, verdana, sans-serif; font-size: 13px;\">-&nbsp;<\/font><font face=\"Open Sans, Helvetica Neue, helvetica, arial, verdana, sans-serif\"><span style=\"font-size: 13px;\">KeyID Priority Order (CSV): CSV list of KeyIDs that should be listed first<\/span><\/font><\/div>",
                        "renderingClass": "",
                        "renderingData": "",
                        "border": false,
                        "name": "Layout",
                        "type": null,
                        "region": null,
                        "title": "",
                        "width": null,
                        "height": null,
                        "collapsible": false,
                        "collapsed": false,
                        "bodyStyle": "padding: 10px; background-color: #d9edf7; border-color: #bce8f1 !important; color: #31708f;",
                        "datatype": "layout",
                        "permissions": null,
                        "children": [],
                        "locked": false
                    },
                    {
                        "fieldtype": "input",
                        "width": 400,
                        "queryColumnType": "varchar",
                        "columnType": "varchar",
                        "columnLength": 255,
                        "phpdocType": "string",
                        "regex": "",
                        "unique": false,
                        "showCharCount": false,
                        "name": "label",
                        "title": "Label",
                        "tooltip": "",
                        "mandatory": false,
                        "noteditable": false,
                        "index": false,
                        "locked": false,
                        "style": "",
                        "permissions": null,
                        "datatype": "data",
                        "relationType": false,
                        "invisible": false,
                        "visibleGridView": false,
                        "visibleSearch": false
                    },
                    {
                        "fieldtype": "indexFieldSelection",
                        "queryColumnType": {
                            "tenant": "varchar(100)",
                            "field": "varchar(200)",
                            "preSelect": "text"
                        },
                        "columnType": {
                            "tenant": "varchar(100)",
                            "field": "varchar(200)",
                            "preSelect": "text"
                        },
                        "phpdocType": "\\Pimcore\\Bundle\\EcommerceFrameworkBundle\\CoreExtensions\\ObjectData\\IndexFieldSelection",
                        "width": 400,
                        "considerTenants": true,
                        "multiPreSelect": "none",
                        "filterGroups": [
                            "classificationstore"
                        ],
                        "predefinedPreSelectOptions": [],
                        "name": "field",
                        "title": "Field",
                        "tooltip": "",
                        "mandatory": false,
                        "noteditable": false,
                        "index": false,
                        "locked": false,
                        "style": "",
                        "permissions": null,
                        "datatype": "data",
                        "relationType": false,
                        "invisible": false,
                        "visibleGridView": false,
                        "visibleSearch": false
                    },
                    {
                        "fieldtype": "input",
                        "width": 400,
                        "queryColumnType": "varchar",
                        "columnType": "varchar",
                        "columnLength": 255,
                        "phpdocType": "string",
                        "regex": "",
                        "unique": false,
                        "showCharCount": false,
                        "name": "scriptPath",
                        "title": "Script Path",
                        "tooltip": "",
                        "mandatory": false,
                        "noteditable": false,
                        "index": false,
                        "locked": false,
                        "style": "",
                        "permissions": null,
                        "datatype": "data",
                        "relationType": false,
                        "invisible": false,
                        "visibleGridView": false,
                        "visibleSearch": false
                    },
                    {
                        "fieldtype": "textarea",
                        "width": 400,
                        "height": 100,
                        "maxLength": null,
                        "showCharCount": false,
                        "excludeFromSearchIndex": false,
                        "queryColumnType": "longtext",
                        "columnType": "longtext",
                        "phpdocType": "string",
                        "name": "excludedKeyIds",
                        "title": "Excluded KeyIDs (CSV)",
                        "tooltip": "",
                        "mandatory": false,
                        "noteditable": false,
                        "index": false,
                        "locked": false,
                        "style": "",
                        "permissions": null,
                        "datatype": "data",
                        "relationType": false,
                        "invisible": false,
                        "visibleGridView": false,
                        "visibleSearch": false
                    },
                    {
                        "fieldtype": "textarea",
                        "width": 400,
                        "height": 100,
                        "maxLength": null,
                        "showCharCount": false,
                        "excludeFromSearchIndex": false,
                        "queryColumnType": "longtext",
                        "columnType": "longtext",
                        "phpdocType": "string",
                        "name": "keyIdPriorityOrder",
                        "title": "KeyID Priority Order (CSV)",
                        "tooltip": "",
                        "mandatory": false,
                        "noteditable": false,
                        "index": false,
                        "locked": false,
                        "style": "",
                        "permissions": null,
                        "datatype": "data",
                        "relationType": false,
                        "invisible": false,
                        "visibleGridView": false,
                        "visibleSearch": false
                    }
                ],
                "locked": false
            }
        ],
        "locked": false
    }
}
