{
  "key": null,
  "parentClass": "\\Pimcore\\Bundle\\EcommerceFrameworkBundle\\Model\\AbstractPaymentInformation",
  "implementsInterfaces": "",
  "title": "",
  "group": "Order Details",
  "layoutDefinitions": {
    "fieldtype": "panel",
    "layout": null,
    "border": false,
    "name": null,
    "type": null,
    "region": null,
    "title": null,
    "width": 0,
    "height": 0,
    "collapsible": false,
    "collapsed": false,
    "bodyStyle": null,
    "datatype": "layout",
    "permissions": null,
    "children": [
      {
        "fieldtype": "panel",
        "layout": null,
        "border": false,
        "name": "Layout",
        "type": null,
        "region": null,
        "title": "",
        "width": null,
        "height": null,
        "collapsible": false,
        "collapsed": false,
        "bodyStyle": "",
        "datatype": "layout",
        "permissions": null,
        "children": [
          {
            "fieldtype": "datetime",
            "queryColumnType": "bigint(20)",
            "columnType": "bigint(20)",
            "defaultValue": null,
            "useCurrentDate": false,
            "name": "paymentStart",
            "title": "Payment Start",
            "tooltip": "",
            "mandatory": false,
            "noteditable": true,
            "index": false,
            "locked": false,
            "style": "",
            "permissions": null,
            "datatype": "data",
            "relationType": false,
            "invisible": false,
            "visibleGridView": false,
            "visibleSearch": false,
            "defaultValueGenerator": ""
          },
          {
            "fieldtype": "datetime",
            "queryColumnType": "bigint(20)",
            "columnType": "bigint(20)",
            "defaultValue": null,
            "useCurrentDate": false,
            "name": "paymentFinish",
            "title": "Payment Finish",
            "tooltip": "",
            "mandatory": false,
            "noteditable": true,
            "index": false,
            "locked": false,
            "style": "",
            "permissions": null,
            "datatype": "data",
            "relationType": false,
            "invisible": false,
            "visibleGridView": false,
            "visibleSearch": false,
            "defaultValueGenerator": ""
          },
          {
            "fieldtype": "input",
            "width": 500,
            "defaultValue": null,
            "queryColumnType": "varchar",
            "columnType": "varchar",
            "columnLength": 255,
            "regex": "",
            "unique": false,
            "showCharCount": false,
            "name": "paymentReference",
            "title": "Payment Reference",
            "tooltip": "",
            "mandatory": false,
            "noteditable": true,
            "index": false,
            "locked": false,
            "style": "",
            "permissions": null,
            "datatype": "data",
            "relationType": false,
            "invisible": false,
            "visibleGridView": false,
            "visibleSearch": false,
            "defaultValueGenerator": ""
          },
          {
            "fieldtype": "select",
            "options": [
              {
                "key": "Committed",
                "value": "committed"
              },
              {
                "key": "Cancelled",
                "value": "cancelled"
              },
              {
                "key": "Payment Init",
                "value": "paymentInit"
              },
              {
                "key": "Payment Pending",
                "value": "paymentPending"
              },
              {
                "key": "Payment Authorized",
                "value": "paymentAuthorized"
              },
              {
                "key": "Aborted",
                "value": "aborted"
              },
              {
                "key": "Aborted but Response Received",
                "value": "abortedButResponseReceived"
              }
            ],
            "width": 500,
            "defaultValue": "",
            "optionsProviderClass": null,
            "optionsProviderData": null,
            "queryColumnType": "varchar(255)",
            "columnType": "varchar(255)",
            "columnLength": 190,
            "dynamicOptions": false,
            "name": "paymentState",
            "title": "Payment State",
            "tooltip": "",
            "mandatory": false,
            "noteditable": true,
            "index": false,
            "locked": false,
            "style": "",
            "permissions": null,
            "datatype": "data",
            "relationType": false,
            "invisible": false,
            "visibleGridView": false,
            "visibleSearch": false,
            "defaultValueGenerator": ""
          },
          {
            "fieldtype": "input",
            "width": 500,
            "defaultValue": null,
            "queryColumnType": "varchar",
            "columnType": "varchar",
            "columnLength": 255,
            "regex": "",
            "unique": false,
            "showCharCount": false,
            "name": "internalPaymentId",
            "title": "Internal Payment ID",
            "tooltip": "",
            "mandatory": false,
            "noteditable": true,
            "index": false,
            "locked": false,
            "style": "",
            "permissions": null,
            "datatype": "data",
            "relationType": false,
            "invisible": false,
            "visibleGridView": false,
            "visibleSearch": false,
            "defaultValueGenerator": ""
          },
          {
            "fieldtype": "textarea",
            "width": 500,
            "height": 100,
            "maxLength": null,
            "showCharCount": false,
            "excludeFromSearchIndex": false,
            "queryColumnType": "longtext",
            "columnType": "longtext",
            "name": "message",
            "title": "Message",
            "tooltip": "",
            "mandatory": false,
            "noteditable": true,
            "index": false,
            "locked": false,
            "style": "",
            "permissions": null,
            "datatype": "data",
            "relationType": false,
            "invisible": false,
            "visibleGridView": false,
            "visibleSearch": false
          },
          {
            "fieldtype": "textarea",
            "width": 500,
            "height": 200,
            "maxLength": null,
            "showCharCount": false,
            "excludeFromSearchIndex": false,
            "queryColumnType": "longtext",
            "columnType": "longtext",
            "name": "providerData",
            "title": "Provider Data",
            "tooltip": "JSON",
            "mandatory": false,
            "noteditable": true,
            "index": false,
            "locked": false,
            "style": "",
            "permissions": null,
            "datatype": "data",
            "relationType": false,
            "invisible": false,
            "visibleGridView": false,
            "visibleSearch": false
          }
        ],
        "locked": false,
        "icon": null,
        "labelWidth": 150,
        "labelAlign": "left"
      }
    ],
    "locked": false,
    "icon": null,
    "labelWidth": 100,
    "labelAlign": "left"
  }
}
