{
    "key": null,
    "parentClass": "\\Pimcore\\Bundle\\EcommerceFrameworkBundle\\Model\\CategoryFilterDefinitionType",
    "implementsInterfaces": "",
    "title": "",
    "group": "FilterTypes",
    "layoutDefinitions": {
        "fieldtype": "panel",
        "layout": null,
        "border": false,
        "name": null,
        "type": null,
        "region": null,
        "title": null,
        "width": 0,
        "height": 0,
        "collapsible": false,
        "collapsed": false,
        "bodyStyle": null,
        "datatype": "layout",
        "permissions": null,
        "children": [
            {
                "fieldtype": "panel",
                "layout": "",
                "border": false,
                "name": "Layout",
                "type": "",
                "region": "",
                "title": "Filter Category MultiSelect",
                "width": "",
                "height": "",
                "collapsible": false,
                "collapsed": false,
                "bodyStyle": "",
                "datatype": "layout",
                "permissions": null,
                "children": [
                    {
                        "fieldtype": "input",
                        "width": 300,
                        "defaultValue": null,
                        "queryColumnType": "varchar",
                        "columnType": "varchar",
                        "columnLength": 255,
                        "regex": "",
                        "unique": false,
                        "showCharCount": false,
                        "name": "label",
                        "title": "Label",
                        "tooltip": "",
                        "mandatory": false,
                        "noteditable": false,
                        "index": false,
                        "locked": false,
                        "style": "",
                        "permissions": null,
                        "datatype": "data",
                        "relationType": false,
                        "invisible": false,
                        "visibleGridView": false,
                        "visibleSearch": false,
                        "defaultValueGenerator": ""
                    },
                    {
                        "fieldtype": "manyToManyObjectRelation",
                        "width": "",
                        "height": "",
                        "maxItems": null,
                        "queryColumnType": "text",
                        "relationType": true,
                        "visibleFields": null,
                        "allowToCreateNewObject": true,
                        "optimizedAdminLoading": false,
                        "visibleFieldDefinitions": [],
                        "classes": [
                            {
                                "classes": "ProductCategory"
                            }
                        ],
                        "pathFormatterClass": null,
                        "name": "preSelect",
                        "title": "Pre Select",
                        "tooltip": "",
                        "mandatory": false,
                        "noteditable": false,
                        "index": false,
                        "locked": false,
                        "style": "",
                        "permissions": null,
                        "datatype": "data",
                        "invisible": false,
                        "visibleGridView": false,
                        "visibleSearch": false
                    },
                    {
                        "fieldtype": "checkbox",
                        "defaultValue": 0,
                        "queryColumnType": "tinyint(1)",
                        "columnType": "tinyint(1)",
                        "name": "useAndCondition",
                        "title": "Use And Condition",
                        "tooltip": "",
                        "mandatory": false,
                        "noteditable": false,
                        "index": false,
                        "locked": false,
                        "style": "",
                        "permissions": null,
                        "datatype": "data",
                        "relationType": false,
                        "invisible": false,
                        "visibleGridView": false,
                        "visibleSearch": false,
                        "defaultValueGenerator": ""
                    },
                    {
                        "fieldtype": "checkbox",
                        "defaultValue": 0,
                        "queryColumnType": "tinyint(1)",
                        "columnType": "tinyint(1)",
                        "name": "includeParentCategories",
                        "title": "Include SubCategories",
                        "tooltip": "",
                        "mandatory": false,
                        "noteditable": false,
                        "index": false,
                        "locked": false,
                        "style": "",
                        "permissions": null,
                        "datatype": "data",
                        "relationType": false,
                        "invisible": false,
                        "visibleGridView": false,
                        "visibleSearch": false,
                        "defaultValueGenerator": ""
                    },
                    {
                        "fieldtype": "input",
                        "width": 300,
                        "defaultValue": null,
                        "queryColumnType": "varchar",
                        "columnType": "varchar",
                        "columnLength": 255,
                        "regex": "",
                        "unique": false,
                        "showCharCount": false,
                        "name": "scriptPath",
                        "title": "Script Path",
                        "tooltip": "",
                        "mandatory": false,
                        "noteditable": false,
                        "index": false,
                        "locked": false,
                        "style": "",
                        "permissions": null,
                        "datatype": "data",
                        "relationType": false,
                        "invisible": false,
                        "visibleGridView": false,
                        "visibleSearch": false,
                        "defaultValueGenerator": ""
                    },
                    {
                        "fieldtype": "manyToManyObjectRelation",
                        "width": "",
                        "height": "",
                        "maxItems": null,
                        "queryColumnType": "text",
                        "relationType": true,
                        "visibleFields": null,
                        "allowToCreateNewObject": true,
                        "optimizedAdminLoading": false,
                        "visibleFieldDefinitions": [],
                        "classes": [
                            {
                                "classes": "ProductCategory"
                            }
                        ],
                        "pathFormatterClass": null,
                        "name": "availableCategories",
                        "title": "Available Categories",
                        "tooltip": "",
                        "mandatory": false,
                        "noteditable": false,
                        "index": false,
                        "locked": false,
                        "style": "",
                        "permissions": null,
                        "datatype": "data",
                        "invisible": true,
                        "visibleGridView": false,
                        "visibleSearch": false
                    }
                ],
                "locked": false,
                "icon": null,
                "labelWidth": 200,
                "labelAlign": "left"
            }
        ],
        "locked": false,
        "icon": null,
        "labelWidth": 100,
        "labelAlign": "left"
    }
}
