{
    "key": null,
    "parentClass": "\\Pimcore\\Bundle\\EcommerceFrameworkBundle\\Model\\AbstractFilterDefinitionType",
    "implementsInterfaces": "",
    "title": "",
    "group": "FilterTypes",
    "layoutDefinitions": {
        "fieldtype": "panel",
        "layout": null,
        "border": false,
        "name": null,
        "type": null,
        "region": null,
        "title": null,
        "width": 0,
        "height": 0,
        "collapsible": false,
        "collapsed": false,
        "bodyStyle": null,
        "datatype": "layout",
        "permissions": null,
        "children": [
            {
                "fieldtype": "panel",
                "layout": "",
                "border": false,
                "name": "Layout",
                "type": "",
                "region": "",
                "title": "Filter Input",
                "width": null,
                "height": null,
                "collapsible": true,
                "collapsed": false,
                "bodyStyle": "",
                "datatype": "layout",
                "permissions": null,
                "children": [
                    {
                        "fieldtype": "input",
                        "width": 300,
                        "defaultValue": null,
                        "queryColumnType": "varchar",
                        "columnType": "varchar",
                        "columnLength": 255,
                        "regex": "",
                        "unique": false,
                        "showCharCount": false,
                        "name": "label",
                        "title": "Label",
                        "tooltip": "",
                        "mandatory": false,
                        "noteditable": false,
                        "index": false,
                        "locked": false,
                        "style": "",
                        "permissions": null,
                        "datatype": "data",
                        "relationType": false,
                        "invisible": false,
                        "visibleGridView": false,
                        "visibleSearch": false,
                        "defaultValueGenerator": ""
                    },
                    {
                        "fieldtype": "indexFieldSelection",
                        "queryColumnType": {
                            "tenant": "varchar(100)",
                            "field": "varchar(200)",
                            "preSelect": "text"
                        },
                        "columnType": {
                            "tenant": "varchar(100)",
                            "field": "varchar(200)",
                            "preSelect": "text"
                        },
                        "width": 0,
                        "considerTenants": true,
                        "multiPreSelect": "none",
                        "filterGroups": [
                            "string"
                        ],
                        "predefinedPreSelectOptions": [],
                        "name": "field",
                        "title": "Field",
                        "tooltip": "",
                        "mandatory": false,
                        "noteditable": false,
                        "index": false,
                        "locked": false,
                        "style": "",
                        "permissions": null,
                        "datatype": "data",
                        "relationType": false,
                        "invisible": false,
                        "visibleGridView": false,
                        "visibleSearch": false
                    },
                    {
                        "fieldtype": "input",
                        "width": 300,
                        "defaultValue": null,
                        "queryColumnType": "varchar",
                        "columnType": "varchar",
                        "columnLength": 255,
                        "regex": "",
                        "unique": false,
                        "showCharCount": false,
                        "name": "preSelect",
                        "title": "PreSelect",
                        "tooltip": "",
                        "mandatory": false,
                        "noteditable": false,
                        "index": false,
                        "locked": false,
                        "style": "",
                        "permissions": null,
                        "datatype": "data",
                        "relationType": false,
                        "invisible": false,
                        "visibleGridView": false,
                        "visibleSearch": false,
                        "defaultValueGenerator": ""
                    },
                    {
                        "fieldtype": "input",
                        "width": 300,
                        "defaultValue": null,
                        "queryColumnType": "varchar",
                        "columnType": "varchar",
                        "columnLength": 255,
                        "regex": "",
                        "unique": false,
                        "showCharCount": false,
                        "name": "scriptPath",
                        "title": "Script Path",
                        "tooltip": "",
                        "mandatory": false,
                        "noteditable": false,
                        "index": false,
                        "locked": false,
                        "style": "",
                        "permissions": null,
                        "datatype": "data",
                        "relationType": false,
                        "invisible": false,
                        "visibleGridView": false,
                        "visibleSearch": false,
                        "defaultValueGenerator": ""
                    }
                ],
                "locked": false,
                "icon": "",
                "labelWidth": 100,
                "labelAlign": "left"
            }
        ],
        "locked": false,
        "icon": null,
        "labelWidth": 100,
        "labelAlign": "left"
    }
}
