{
    "key": null,
    "parentClass": "\\Pimcore\\Bundle\\EcommerceFrameworkBundle\\Model\\AbstractFilterDefinitionType",
    "implementsInterfaces": "",
    "title": "",
    "group": "FilterTypes",
    "layoutDefinitions": {
        "fieldtype": "panel",
        "layout": null,
        "border": false,
        "name": null,
        "type": null,
        "region": null,
        "title": null,
        "width": 0,
        "height": 0,
        "collapsible": false,
        "collapsed": false,
        "bodyStyle": null,
        "datatype": "layout",
        "permissions": null,
        "children": [
            {
                "fieldtype": "panel",
                "layout": "",
                "border": false,
                "name": "Layout",
                "type": "",
                "region": "",
                "title": "Filter Multiselect",
                "width": null,
                "height": null,
                "collapsible": true,
                "collapsed": false,
                "bodyStyle": "",
                "datatype": "layout",
                "permissions": null,
                "children": [
                    {
                        "fieldtype": "text",
                        "html": "<b>Filter MultiSelect<\/b><div>Multi selection filter for default value fields.&nbsp;<\/div><div>- Use And Condition: Uses AND condition instead of OR.&nbsp;<br><\/div>",
                        "renderingClass": null,
                        "renderingData": null,
                        "border": false,
                        "name": "Layout",
                        "type": null,
                        "region": null,
                        "title": "",
                        "width": null,
                        "height": null,
                        "collapsible": false,
                        "collapsed": false,
                        "bodyStyle": "padding: 10px; background-color: #d9edf7; border-color: #bce8f1 !important; color: #31708f;",
                        "datatype": "layout",
                        "permissions": null,
                        "children": [],
                        "locked": false
                    },
                    {
                        "fieldtype": "input",
                        "width": 400,
                        "defaultValue": null,
                        "queryColumnType": "varchar",
                        "columnType": "varchar",
                        "columnLength": 255,
                        "regex": "",
                        "unique": false,
                        "showCharCount": false,
                        "name": "label",
                        "title": "Label",
                        "tooltip": "",
                        "mandatory": false,
                        "noteditable": false,
                        "index": false,
                        "locked": false,
                        "style": "",
                        "permissions": null,
                        "datatype": "data",
                        "relationType": false,
                        "invisible": false,
                        "visibleGridView": false,
                        "visibleSearch": false,
                        "defaultValueGenerator": ""
                    },
                    {
                        "fieldtype": "indexFieldSelection",
                        "queryColumnType": {
                            "tenant": "varchar(100)",
                            "field": "varchar(200)",
                            "preSelect": "text"
                        },
                        "columnType": {
                            "tenant": "varchar(100)",
                            "field": "varchar(200)",
                            "preSelect": "text"
                        },
                        "width": 400,
                        "considerTenants": true,
                        "multiPreSelect": "remote_multi",
                        "filterGroups": [
                            "string"
                        ],
                        "predefinedPreSelectOptions": [],
                        "name": "field",
                        "title": "Field",
                        "tooltip": "",
                        "mandatory": false,
                        "noteditable": false,
                        "index": false,
                        "locked": false,
                        "style": "",
                        "permissions": null,
                        "datatype": "data",
                        "relationType": false,
                        "invisible": false,
                        "visibleGridView": false,
                        "visibleSearch": false
                    },
                    {
                        "fieldtype": "input",
                        "width": 400,
                        "defaultValue": null,
                        "queryColumnType": "varchar",
                        "columnType": "varchar",
                        "columnLength": 255,
                        "regex": "",
                        "unique": false,
                        "showCharCount": false,
                        "name": "scriptPath",
                        "title": "Script Path",
                        "tooltip": "",
                        "mandatory": false,
                        "noteditable": false,
                        "index": false,
                        "locked": false,
                        "style": "",
                        "permissions": null,
                        "datatype": "data",
                        "relationType": false,
                        "invisible": false,
                        "visibleGridView": false,
                        "visibleSearch": false,
                        "defaultValueGenerator": ""
                    },
                    {
                        "fieldtype": "checkbox",
                        "defaultValue": 0,
                        "queryColumnType": "tinyint(1)",
                        "columnType": "tinyint(1)",
                        "name": "UseAndCondition",
                        "title": "Use And Condition",
                        "tooltip": "",
                        "mandatory": false,
                        "noteditable": false,
                        "index": false,
                        "locked": false,
                        "style": "",
                        "permissions": null,
                        "datatype": "data",
                        "relationType": false,
                        "invisible": false,
                        "visibleGridView": false,
                        "visibleSearch": false,
                        "defaultValueGenerator": ""
                    }
                ],
                "locked": false,
                "icon": "",
                "labelWidth": 100,
                "labelAlign": "left"
            }
        ],
        "locked": false,
        "icon": null,
        "labelWidth": 100,
        "labelAlign": "left"
    }
}
