{
  "key": null,
  "parentClass": "",
  "implementsInterfaces": "",
  "title": "",
  "group": "Order Details",
  "layoutDefinitions": {
    "fieldtype": "panel",
    "layout": null,
    "border": false,
    "name": null,
    "type": null,
    "region": null,
    "title": null,
    "width": 0,
    "height": 0,
    "collapsible": false,
    "collapsed": false,
    "bodyStyle": null,
    "datatype": "layout",
    "permissions": null,
    "children": [
      {
        "fieldtype": "panel",
        "layout": "",
        "border": false,
        "name": "Layout",
        "type": null,
        "region": "",
        "title": "",
        "width": "",
        "height": "",
        "collapsible": false,
        "collapsed": false,
        "bodyStyle": "",
        "datatype": "layout",
        "permissions": null,
        "children": [
          {
            "fieldtype": "input",
            "width": 300,
            "defaultValue": null,
            "queryColumnType": "varchar",
            "columnType": "varchar",
            "columnLength": 255,
            "regex": "",
            "unique": false,
            "showCharCount": false,
            "name": "name",
            "title": "Name",
            "tooltip": "",
            "mandatory": false,
            "noteditable": false,
            "index": false,
            "locked": false,
            "style": "",
            "permissions": null,
            "datatype": "data",
            "relationType": false,
            "invisible": false,
            "visibleGridView": false,
            "visibleSearch": false,
            "defaultValueGenerator": ""
          },
          {
            "fieldtype": "numeric",
            "width": 300,
            "defaultValue": null,
            "queryColumnType": "double",
            "columnType": "double",
            "integer": false,
            "unsigned": false,
            "minValue": null,
            "maxValue": null,
            "unique": false,
            "decimalSize": 19,
            "decimalPrecision": 4,
            "name": "netAmount",
            "title": "NetAmount",
            "tooltip": "",
            "mandatory": false,
            "noteditable": true,
            "index": false,
            "locked": false,
            "style": "",
            "permissions": null,
            "datatype": "data",
            "relationType": false,
            "invisible": false,
            "visibleGridView": false,
            "visibleSearch": false,
            "defaultValueGenerator": ""
          },
          {
            "fieldtype": "numeric",
            "width": null,
            "defaultValue": null,
            "queryColumnType": "double",
            "columnType": "double",
            "integer": true,
            "unsigned": false,
            "minValue": null,
            "maxValue": null,
            "unique": false,
            "decimalSize": null,
            "decimalPrecision": null,
            "name": "pricingRuleId",
            "title": "Applied pricing rule ID",
            "tooltip": "",
            "mandatory": false,
            "noteditable": true,
            "index": false,
            "locked": false,
            "style": "",
            "permissions": null,
            "datatype": "data",
            "relationType": false,
            "invisible": false,
            "visibleGridView": false,
            "visibleSearch": false,
            "defaultValueGenerator": ""
          },
          {
            "fieldtype": "numeric",
            "width": 300,
            "defaultValue": null,
            "queryColumnType": "double",
            "columnType": "double",
            "integer": false,
            "unsigned": false,
            "minValue": null,
            "maxValue": null,
            "unique": false,
            "decimalSize": 19,
            "decimalPrecision": 4,
            "name": "amount",
            "title": "Amount",
            "tooltip": "",
            "mandatory": false,
            "noteditable": true,
            "index": false,
            "locked": false,
            "style": "",
            "permissions": null,
            "datatype": "data",
            "relationType": false,
            "invisible": false,
            "visibleGridView": false,
            "visibleSearch": false,
            "defaultValueGenerator": ""
          }
        ],
        "locked": false,
        "icon": null,
        "labelWidth": 100,
        "labelAlign": "left"
      }
    ],
    "locked": false,
    "icon": null,
    "labelWidth": 100,
    "labelAlign": "left"
  }
}
