{
    "description": "",
    "parentClass": "",
    "implementsInterfaces": "",
    "listingParentClass": "",
    "useTraits": "",
    "listingUseTraits": "",
    "allowInherit": false,
    "allowVariants": false,
    "showVariants": false,
    "layoutDefinitions": {
        "fieldtype": "panel",
        "layout": null,
        "border": false,
        "name": "pimcore_root",
        "type": null,
        "region": null,
        "title": null,
        "width": 0,
        "height": 0,
        "collapsible": false,
        "collapsed": false,
        "bodyStyle": null,
        "datatype": "layout",
        "permissions": null,
        "children": [
            {
                "fieldtype": "panel",
                "layout": null,
                "border": false,
                "name": "Layout",
                "type": null,
                "region": null,
                "title": "",
                "width": null,
                "height": null,
                "collapsible": false,
                "collapsed": false,
                "bodyStyle": "",
                "datatype": "layout",
                "permissions": null,
                "children": [
                    {
                        "fieldtype": "text",
                        "html": "<div><font size=\"2\"><b>OnlineShopTaxClass <\/b>as definition for tax calculation within ecommerce frameworks price systems. Products price system decides which TaxClass to take and does the tax calculation based on it.&nbsp;<br><\/font><\/div><div><font size=\"2\"><b><br><\/b><\/font><\/div><div><font size=\"2\"><b>Tax Entry Combination Type<\/b> defines how tax entry rates are combined:&nbsp;<\/font><\/div><div><ul><li><font size=\"2\"><b>Combine:<\/b> Sum up all tax rates and calculates tax amount afterwards.<br><\/font><\/li><li><font size=\"2\"><b>One After Another:<\/b> For each tax rate calculate tax amount, add it to total sum and then calculate tax amount for next tax rate based on new total sum. <\/font><b style=\"font-size: 13px;\">&nbsp;<\/b><br><\/li><\/ul><\/div>",
                        "renderingClass": "",
                        "renderingData": "",
                        "border": false,
                        "name": "Layout",
                        "type": null,
                        "region": null,
                        "title": "",
                        "width": null,
                        "height": null,
                        "collapsible": false,
                        "collapsed": false,
                        "bodyStyle": "padding: 10px; background-color: #d9edf7; border-color: #bce8f1 !important; color: #31708f;",
                        "datatype": "layout",
                        "permissions": null,
                        "children": [],
                        "locked": false
                    },
                    {
                        "fieldtype": "select",
                        "options": [
                            {
                                "key": "Combine",
                                "value": "combine"
                            },
                            {
                                "key": "One After Another",
                                "value": "oneAfterAnother"
                            }
                        ],
                        "width": "",
                        "defaultValue": "",
                        "optionsProviderClass": null,
                        "optionsProviderData": null,
                        "queryColumnType": "varchar",
                        "columnType": "varchar",
                        "columnLength": 190,
                        "dynamicOptions": false,
                        "name": "taxEntryCombinationType",
                        "title": "Tax Entry Combination Type",
                        "tooltip": "",
                        "mandatory": true,
                        "noteditable": false,
                        "index": false,
                        "locked": false,
                        "style": "",
                        "permissions": null,
                        "datatype": "data",
                        "relationType": false,
                        "invisible": false,
                        "visibleGridView": false,
                        "visibleSearch": false,
                        "defaultValueGenerator": ""
                    },
                    {
                        "fieldtype": "fieldcollections",
                        "allowedTypes": [
                            "TaxEntry"
                        ],
                        "lazyLoading": false,
                        "maxItems": null,
                        "disallowAddRemove": false,
                        "disallowReorder": false,
                        "collapsed": false,
                        "collapsible": false,
                        "border": false,
                        "name": "taxEntries",
                        "title": "Tax Entries",
                        "tooltip": "",
                        "mandatory": false,
                        "noteditable": false,
                        "index": false,
                        "locked": false,
                        "style": "",
                        "permissions": null,
                        "datatype": "data",
                        "relationType": false,
                        "invisible": false,
                        "visibleGridView": false,
                        "visibleSearch": false
                    }
                ],
                "locked": false,
                "icon": null,
                "labelWidth": 200,
                "labelAlign": "left"
            }
        ],
        "locked": false,
        "icon": null,
        "labelWidth": 100,
        "labelAlign": "left"
    },
    "icon": "\/bundles\/pimcoreadmin\/img\/twemoji\/1f4b6.svg",
    "group": "E-Commerce",
    "showAppLoggerTab": false,
    "linkGeneratorReference": "",
    "compositeIndices": [],
    "showFieldLookup": false,
    "propertyVisibility": {
        "grid": {
            "id": true,
            "key": false,
            "path": true,
            "published": true,
            "modificationDate": false,
            "creationDate": false
        },
        "search": {
            "id": true,
            "key": false,
            "path": true,
            "published": true,
            "modificationDate": false,
            "creationDate": false
        }
    },
    "enableGridLocking": false
}
