{
    "description": "",
    "parentClass": "\\Pimcore\\Bundle\\EcommerceFrameworkBundle\\OfferTool\\AbstractOfferItem",
    "implementsInterfaces": "",
    "listingParentClass": "",
    "useTraits": "",
    "listingUseTraits": "",
    "allowInherit": false,
    "allowVariants": false,
    "showVariants": false,
    "layoutDefinitions": {
        "fieldtype": "panel",
        "layout": null,
        "border": false,
        "name": "pimcore_root",
        "type": null,
        "region": null,
        "title": null,
        "width": 0,
        "height": 0,
        "collapsible": false,
        "collapsed": false,
        "bodyStyle": null,
        "datatype": "layout",
        "permissions": null,
        "children": [
            {
                "fieldtype": "panel",
                "layout": "",
                "border": false,
                "name": "Layout",
                "type": "",
                "region": "",
                "title": "",
                "width": "",
                "height": "",
                "collapsible": false,
                "collapsed": false,
                "bodyStyle": "",
                "datatype": "layout",
                "permissions": null,
                "children": [
                    {
                        "fieldtype": "text",
                        "html": "<b>OfferToolItem<\/b>s for items of offers.&nbsp;<div>\u200bMay be extended for specific use case.&nbsp;<\/div>",
                        "renderingClass": null,
                        "renderingData": null,
                        "border": false,
                        "name": "Layout",
                        "type": null,
                        "region": null,
                        "title": "",
                        "width": null,
                        "height": null,
                        "collapsible": false,
                        "collapsed": false,
                        "bodyStyle": "padding: 10px; background-color: #d9edf7; border-color: #bce8f1 !important; color: #31708f;",
                        "datatype": "layout",
                        "permissions": null,
                        "children": [],
                        "locked": false
                    },
                    {
                        "fieldtype": "fieldset",
                        "name": "Product Information",
                        "type": null,
                        "region": null,
                        "title": "Product Information",
                        "width": null,
                        "height": null,
                        "collapsible": false,
                        "collapsed": false,
                        "bodyStyle": "",
                        "datatype": "layout",
                        "permissions": null,
                        "children": [
                            {
                                "fieldtype": "manyToOneRelation",
                                "width": 400,
                                "assetUploadPath": "",
                                "relationType": true,
                                "queryColumnType": {
                                    "id": "int(11)",
                                    "type": "enum('document','asset','object')"
                                },
                                "objectsAllowed": true,
                                "assetsAllowed": false,
                                "assetTypes": [],
                                "documentsAllowed": false,
                                "documentTypes": [],
                                "classes": [],
                                "pathFormatterClass": null,
                                "name": "product",
                                "title": "Produkt",
                                "tooltip": "",
                                "mandatory": false,
                                "noteditable": false,
                                "index": false,
                                "locked": false,
                                "style": "",
                                "permissions": null,
                                "datatype": "data",
                                "invisible": false,
                                "visibleGridView": false,
                                "visibleSearch": false
                            },
                            {
                                "fieldtype": "input",
                                "width": 400,
                                "defaultValue": null,
                                "queryColumnType": "varchar",
                                "columnType": "varchar",
                                "columnLength": 255,
                                "regex": "",
                                "unique": false,
                                "showCharCount": false,
                                "name": "productNumber",
                                "title": "Produktnummer",
                                "tooltip": "",
                                "mandatory": false,
                                "noteditable": false,
                                "index": false,
                                "locked": false,
                                "style": "",
                                "permissions": null,
                                "datatype": "data",
                                "relationType": false,
                                "invisible": false,
                                "visibleGridView": false,
                                "visibleSearch": false,
                                "defaultValueGenerator": ""
                            },
                            {
                                "fieldtype": "input",
                                "width": 400,
                                "defaultValue": null,
                                "queryColumnType": "varchar",
                                "columnType": "varchar",
                                "columnLength": 255,
                                "regex": "",
                                "unique": false,
                                "showCharCount": false,
                                "name": "productName",
                                "title": "Produktname",
                                "tooltip": "",
                                "mandatory": false,
                                "noteditable": false,
                                "index": false,
                                "locked": false,
                                "style": "",
                                "permissions": null,
                                "datatype": "data",
                                "relationType": false,
                                "invisible": false,
                                "visibleGridView": false,
                                "visibleSearch": false,
                                "defaultValueGenerator": ""
                            }
                        ],
                        "locked": false,
                        "labelWidth": 150,
                        "labelAlign": "left"
                    },
                    {
                        "fieldtype": "fieldset",
                        "name": "Price Information",
                        "type": null,
                        "region": null,
                        "title": "Price Information",
                        "width": null,
                        "height": null,
                        "collapsible": false,
                        "collapsed": false,
                        "bodyStyle": "",
                        "datatype": "layout",
                        "permissions": null,
                        "children": [
                            {
                                "fieldtype": "numeric",
                                "width": 400,
                                "defaultValue": null,
                                "queryColumnType": "double",
                                "columnType": "double",
                                "integer": false,
                                "unsigned": false,
                                "minValue": null,
                                "maxValue": null,
                                "unique": false,
                                "decimalSize": null,
                                "decimalPrecision": null,
                                "name": "amount",
                                "title": "Amount",
                                "tooltip": "",
                                "mandatory": false,
                                "noteditable": false,
                                "index": false,
                                "locked": false,
                                "style": "",
                                "permissions": null,
                                "datatype": "data",
                                "relationType": false,
                                "invisible": false,
                                "visibleGridView": false,
                                "visibleSearch": false,
                                "defaultValueGenerator": ""
                            },
                            {
                                "fieldtype": "numeric",
                                "width": 400,
                                "defaultValue": null,
                                "queryColumnType": "double",
                                "columnType": "double",
                                "integer": false,
                                "unsigned": false,
                                "minValue": null,
                                "maxValue": null,
                                "unique": false,
                                "decimalSize": 19,
                                "decimalPrecision": 4,
                                "name": "originalTotalPrice",
                                "title": "Original Total Price",
                                "tooltip": "",
                                "mandatory": false,
                                "noteditable": false,
                                "index": false,
                                "locked": false,
                                "style": "",
                                "permissions": null,
                                "datatype": "data",
                                "relationType": false,
                                "invisible": false,
                                "visibleGridView": false,
                                "visibleSearch": false,
                                "defaultValueGenerator": ""
                            },
                            {
                                "fieldtype": "select",
                                "options": [
                                    {
                                        "key": "Percent",
                                        "value": "percent"
                                    },
                                    {
                                        "key": "Amount",
                                        "value": "amount"
                                    }
                                ],
                                "width": 400,
                                "defaultValue": "",
                                "optionsProviderClass": null,
                                "optionsProviderData": null,
                                "queryColumnType": "varchar",
                                "columnType": "varchar",
                                "columnLength": 190,
                                "dynamicOptions": false,
                                "name": "DiscountType",
                                "title": "Discount Type",
                                "tooltip": "",
                                "mandatory": false,
                                "noteditable": false,
                                "index": false,
                                "locked": false,
                                "style": "",
                                "permissions": null,
                                "datatype": "data",
                                "relationType": false,
                                "invisible": false,
                                "visibleGridView": false,
                                "visibleSearch": false,
                                "defaultValueGenerator": ""
                            },
                            {
                                "fieldtype": "numeric",
                                "width": 400,
                                "defaultValue": null,
                                "queryColumnType": "double",
                                "columnType": "double",
                                "integer": false,
                                "unsigned": false,
                                "minValue": null,
                                "maxValue": null,
                                "unique": false,
                                "decimalSize": 19,
                                "decimalPrecision": 4,
                                "name": "discount",
                                "title": "Discount",
                                "tooltip": "",
                                "mandatory": false,
                                "noteditable": false,
                                "index": false,
                                "locked": false,
                                "style": "",
                                "permissions": null,
                                "datatype": "data",
                                "relationType": false,
                                "invisible": false,
                                "visibleGridView": false,
                                "visibleSearch": false,
                                "defaultValueGenerator": ""
                            },
                            {
                                "fieldtype": "numeric",
                                "width": 400,
                                "defaultValue": null,
                                "queryColumnType": "double",
                                "columnType": "double",
                                "integer": false,
                                "unsigned": false,
                                "minValue": null,
                                "maxValue": null,
                                "unique": false,
                                "decimalSize": 19,
                                "decimalPrecision": 4,
                                "name": "finalTotalPrice",
                                "title": "Preis",
                                "tooltip": "",
                                "mandatory": false,
                                "noteditable": false,
                                "index": false,
                                "locked": false,
                                "style": "",
                                "permissions": null,
                                "datatype": "data",
                                "relationType": false,
                                "invisible": false,
                                "visibleGridView": false,
                                "visibleSearch": false,
                                "defaultValueGenerator": ""
                            }
                        ],
                        "locked": false,
                        "labelWidth": 150,
                        "labelAlign": "left"
                    },
                    {
                        "fieldtype": "manyToManyObjectRelation",
                        "width": "",
                        "height": "",
                        "maxItems": null,
                        "queryColumnType": "text",
                        "relationType": true,
                        "visibleFields": null,
                        "allowToCreateNewObject": true,
                        "optimizedAdminLoading": false,
                        "visibleFieldDefinitions": [],
                        "classes": [
                            {
                                "classes": "OnlineShopOrderItem"
                            }
                        ],
                        "pathFormatterClass": null,
                        "name": "subItems",
                        "title": "Subitems",
                        "tooltip": "",
                        "mandatory": false,
                        "noteditable": false,
                        "index": false,
                        "locked": false,
                        "style": "",
                        "permissions": null,
                        "datatype": "data",
                        "invisible": false,
                        "visibleGridView": false,
                        "visibleSearch": false
                    },
                    {
                        "fieldtype": "textarea",
                        "width": 400,
                        "height": "",
                        "maxLength": null,
                        "showCharCount": false,
                        "excludeFromSearchIndex": false,
                        "queryColumnType": "longtext",
                        "columnType": "longtext",
                        "name": "comment",
                        "title": "Comment",
                        "tooltip": "",
                        "mandatory": false,
                        "noteditable": false,
                        "index": false,
                        "locked": false,
                        "style": "",
                        "permissions": null,
                        "datatype": "data",
                        "relationType": false,
                        "invisible": false,
                        "visibleGridView": false,
                        "visibleSearch": false
                    },
                    {
                        "fieldtype": "fieldset",
                        "name": "System Informations",
                        "type": null,
                        "region": null,
                        "title": "System Informations",
                        "width": null,
                        "height": null,
                        "collapsible": true,
                        "collapsed": true,
                        "bodyStyle": "",
                        "datatype": "layout",
                        "permissions": null,
                        "children": [
                            {
                                "fieldtype": "input",
                                "width": 400,
                                "defaultValue": null,
                                "queryColumnType": "varchar",
                                "columnType": "varchar",
                                "columnLength": 255,
                                "regex": "",
                                "unique": false,
                                "showCharCount": false,
                                "name": "cartItemKey",
                                "title": "CartItemKey",
                                "tooltip": "",
                                "mandatory": false,
                                "noteditable": false,
                                "index": false,
                                "locked": false,
                                "style": "",
                                "permissions": null,
                                "datatype": "data",
                                "relationType": false,
                                "invisible": false,
                                "visibleGridView": false,
                                "visibleSearch": false,
                                "defaultValueGenerator": ""
                            }
                        ],
                        "locked": false,
                        "labelWidth": 150,
                        "labelAlign": "left"
                    }
                ],
                "locked": false,
                "icon": null,
                "labelWidth": 100,
                "labelAlign": "left"
            }
        ],
        "locked": false,
        "icon": null,
        "labelWidth": 100,
        "labelAlign": "left"
    },
    "icon": "",
    "group": "E-Commerce",
    "showAppLoggerTab": false,
    "linkGeneratorReference": "",
    "compositeIndices": [],
    "showFieldLookup": false,
    "propertyVisibility": {
        "grid": {
            "id": true,
            "key": false,
            "path": true,
            "published": true,
            "modificationDate": true,
            "creationDate": true
        },
        "search": {
            "id": true,
            "key": false,
            "path": true,
            "published": true,
            "modificationDate": true,
            "creationDate": true
        }
    },
    "enableGridLocking": false
}
