{
  "key": null,
  "parentClass": "\\Pimcore\\Bundle\\EcommerceFrameworkBundle\\Model\\AbstractVoucherTokenType",
  "implementsInterfaces": null,
  "title": "",
  "group": "Voucher",
  "layoutDefinitions": {
    "fieldtype": "panel",
    "layout": null,
    "border": false,
    "name": null,
    "type": null,
    "region": null,
    "title": null,
    "width": null,
    "height": null,
    "collapsible": false,
    "collapsed": false,
    "bodyStyle": null,
    "datatype": "layout",
    "permissions": null,
    "children": [
      {
        "fieldtype": "panel",
        "layout": null,
        "border": false,
        "name": "Layout",
        "type": null,
        "region": null,
        "title": "Single",
        "width": null,
        "height": null,
        "collapsible": false,
        "collapsed": false,
        "bodyStyle": "",
        "datatype": "layout",
        "permissions": null,
        "children": [
          {
            "fieldtype": "text",
            "html": "Specify one single token and allow usage of this token multiple times.&nbsp;",
            "renderingClass": null,
            "renderingData": null,
            "border": false,
            "name": "Layout",
            "type": null,
            "region": null,
            "title": "",
            "width": null,
            "height": null,
            "collapsible": false,
            "collapsed": false,
            "bodyStyle": "padding: 10px; background-color: #d9edf7; border-color: #bce8f1 !important; color: #31708f;",
            "datatype": "layout",
            "permissions": null,
            "children": [],
            "locked": false
          },
          {
            "fieldtype": "input",
            "width": 500,
            "defaultValue": null,
            "queryColumnType": "varchar",
            "columnType": "varchar",
            "columnLength": 255,
            "regex": "^((?!\\s).)*$",
            "unique": false,
            "showCharCount": false,
            "name": "token",
            "title": "Token",
            "tooltip": "",
            "mandatory": false,
            "noteditable": false,
            "index": false,
            "locked": false,
            "style": "",
            "permissions": null,
            "datatype": "data",
            "relationType": false,
            "invisible": false,
            "visibleGridView": false,
            "visibleSearch": false,
            "defaultValueGenerator": ""
          },
          {
            "fieldtype": "numeric",
            "width": 500,
            "defaultValue": 1,
            "queryColumnType": "double",
            "columnType": "double",
            "integer": true,
            "unsigned": true,
            "minValue": 1,
            "maxValue": null,
            "unique": false,
            "decimalSize": null,
            "decimalPrecision": null,
            "name": "usages",
            "title": "Usage count",
            "tooltip": "",
            "mandatory": false,
            "noteditable": false,
            "index": false,
            "locked": false,
            "style": "",
            "permissions": null,
            "datatype": "data",
            "relationType": false,
            "invisible": false,
            "visibleGridView": false,
            "visibleSearch": false,
            "defaultValueGenerator": ""
          },
          {
            "fieldtype": "checkbox",
            "defaultValue": 0,
            "queryColumnType": "tinyint(1)",
            "columnType": "tinyint(1)",
            "name": "onlyTokenPerCart",
            "title": "Only token of a cart",
            "tooltip": "",
            "mandatory": false,
            "noteditable": false,
            "index": false,
            "locked": false,
            "style": "",
            "permissions": null,
            "datatype": "data",
            "relationType": false,
            "invisible": false,
            "visibleGridView": false,
            "visibleSearch": false,
            "defaultValueGenerator": ""
          }
        ],
        "locked": false,
        "icon": null,
        "labelWidth": 150,
        "labelAlign": "left"
      }
    ],
    "locked": false,
    "icon": null,
    "labelWidth": 100,
    "labelAlign": "left"
  }
}
